table,column,model_type,database_type,nullable,primary_key,unique,references,model_default,database_default
articles,number,VARCHAR(40),VARCHAR(40),False,False,True,,,
articles,title,VARCHAR(200),VARCHAR(200),False,False,False,,,
articles,category_id,INTEGER,INTEGER,False,False,False,master_data.id,,
articles,summary,TEXT,TEXT,True,False,False,,,
articles,problem,TEXT,TEXT,True,False,False,,,
articles,symptoms,TEXT,TEXT,True,False,False,,,
articles,cause,TEXT,TEXT,True,False,False,,,
articles,resolution,TEXT,TEXT,False,False,False,,,
articles,commands,TEXT,TEXT,True,False,False,,,
articles,notes,TEXT,TEXT,True,False,False,,,
articles,tags,TEXT,TEXT,True,False,False,,,
articles,author_id,INTEGER,INTEGER,False,False,False,users.id,,
articles,status_id,INTEGER,INTEGER,False,False,False,master_data.id,,
articles,id,INTEGER,INTEGER,False,True,False,,,
articles,created_at,DATETIME,DATETIME,False,False,False,,Python: now(),
articles,updated_at,DATETIME,DATETIME,False,False,False,,Python: now(),
articles,archived,BOOLEAN,BOOLEAN,False,False,False,,False,
asset_operations,before_state,JSON,JSON,True,False,False,,,
asset_operations,after_state,JSON,JSON,True,False,False,,,
asset_operations,source_ref,VARCHAR(120),VARCHAR(120),True,False,True,,,
asset_operations,number,VARCHAR(40),VARCHAR(40),False,False,True,,,
asset_operations,asset_id,INTEGER,INTEGER,False,False,False,assets.id,,
asset_operations,operation_type,VARCHAR(30),VARCHAR(30),False,False,False,,,
asset_operations,from_entity_type,VARCHAR(30),VARCHAR(30),True,False,False,,,
asset_operations,from_entity_id,INTEGER,INTEGER,True,False,False,,,
asset_operations,to_entity_type,VARCHAR(30),VARCHAR(30),True,False,False,,,
asset_operations,to_entity_id,INTEGER,INTEGER,True,False,False,,,
asset_operations,operation_date,DATETIME,DATETIME,False,False,False,,Python: now(),
asset_operations,condition_before,TEXT,TEXT,True,False,False,,,
asset_operations,condition_after,TEXT,TEXT,True,False,False,,,
asset_operations,performed_by,INTEGER,INTEGER,False,False,False,users.id,,
asset_operations,reason,TEXT,TEXT,True,False,False,,,
asset_operations,note,TEXT,TEXT,True,False,False,,,
asset_operations,id,INTEGER,INTEGER,False,True,False,,,
asset_operations,created_at,DATETIME,DATETIME,False,False,False,,Python: now(),
asset_operations,updated_at,DATETIME,DATETIME,False,False,False,,Python: now(),
asset_operations,archived,BOOLEAN,BOOLEAN,False,False,False,,False,
asset_types,name,VARCHAR(100),VARCHAR(100),False,False,True,,,
asset_types,prefix,VARCHAR(20),VARCHAR(20),False,False,False,,,
asset_types,track_serial,BOOLEAN,BOOLEAN,False,False,False,,True,1
asset_types,track_location,BOOLEAN,BOOLEAN,False,False,False,,True,
asset_types,allow_assignment,BOOLEAN,BOOLEAN,False,False,False,,False,
asset_types,allow_station,BOOLEAN,BOOLEAN,False,False,False,,True,1
asset_types,track_network,BOOLEAN,BOOLEAN,False,False,False,,True,
asset_types,allow_ticket,BOOLEAN,BOOLEAN,False,False,False,,True,
asset_types,track_maintenance,BOOLEAN,BOOLEAN,False,False,False,,True,
asset_types,has_ports,BOOLEAN,BOOLEAN,False,False,False,,False,
asset_types,id,INTEGER,INTEGER,False,True,False,,,
asset_types,created_at,DATETIME,DATETIME,False,False,False,,Python: now(),
asset_types,updated_at,DATETIME,DATETIME,False,False,False,,Python: now(),
asset_types,archived,BOOLEAN,BOOLEAN,False,False,False,,False,
assets,warehouse_id,INTEGER,INTEGER,True,False,False,warehouses.id,,
assets,current_status,VARCHAR(20),VARCHAR(20),False,False,False,,AVAILABLE,'AVAILABLE'
assets,current_location_id,INTEGER,INTEGER,True,False,False,locations.id,,
assets,current_assignee_id,INTEGER,INTEGER,True,False,False,users.id,,
assets,code,VARCHAR(40),VARCHAR(40),False,False,True,,,
assets,name,VARCHAR(150),VARCHAR(150),False,False,False,,,
assets,type_id,INTEGER,INTEGER,False,False,False,asset_types.id,,
assets,status_id,INTEGER,INTEGER,False,False,False,master_data.id,,
assets,brand,VARCHAR(100),VARCHAR(100),True,False,False,,,
assets,model,VARCHAR(100),VARCHAR(100),False,False,False,,,
assets,serial,VARCHAR(150),VARCHAR(150),False,False,True,,,
assets,received_date,DATE,DATE,True,False,False,,,
assets,handover_date,DATE,DATE,True,False,False,,,
assets,purchase_date,DATETIME,DATETIME,True,False,False,,,
assets,warranty_expiry,DATETIME,DATETIME,True,False,False,,,
assets,vendor,VARCHAR(150),VARCHAR(150),True,False,False,,,
assets,cost,"NUMERIC(14, 2)","NUMERIC(14, 2)",True,False,False,,,
assets,description,TEXT,TEXT,True,False,False,,,
assets,notes,TEXT,TEXT,True,False,False,,,
assets,photo,TEXT,TEXT,True,False,False,,,
assets,id,INTEGER,INTEGER,False,True,False,,,
assets,created_at,DATETIME,DATETIME,False,False,False,,Python: now(),
assets,updated_at,DATETIME,DATETIME,False,False,False,,Python: now(),
assets,archived,BOOLEAN,BOOLEAN,False,False,False,,False,
assignments,asset_id,INTEGER,INTEGER,False,False,False,assets.id,,
assignments,user_id,INTEGER,INTEGER,False,False,False,users.id,,
assignments,department,VARCHAR(100),VARCHAR(100),True,False,False,,,
assignments,assigned_by,INTEGER,INTEGER,False,False,False,users.id,,
assignments,expected_return,DATETIME,DATETIME,True,False,False,,,
assignments,returned_at,DATETIME,DATETIME,True,False,False,,,
assignments,condition_out,TEXT,TEXT,False,False,False,,,
assignments,condition_in,TEXT,TEXT,True,False,False,,,
assignments,note,TEXT,TEXT,True,False,False,,,
assignments,id,INTEGER,INTEGER,False,True,False,,,
assignments,created_at,DATETIME,DATETIME,False,False,False,,Python: now(),
assignments,updated_at,DATETIME,DATETIME,False,False,False,,Python: now(),
assignments,archived,BOOLEAN,BOOLEAN,False,False,False,,False,
attachments,ticket_id,INTEGER,INTEGER,False,False,False,tickets.id,,
attachments,user_id,INTEGER,INTEGER,False,False,False,users.id,,
attachments,filename,VARCHAR(255),VARCHAR(255),False,False,False,,,
attachments,storage_key,VARCHAR(100),VARCHAR(100),False,False,True,,,
attachments,id,INTEGER,INTEGER,False,True,False,,,
attachments,created_at,DATETIME,DATETIME,False,False,False,,Python: now(),
attachments,updated_at,DATETIME,DATETIME,False,False,False,,Python: now(),
attachments,archived,BOOLEAN,BOOLEAN,False,False,False,,False,
audit_logs,id,INTEGER,INTEGER,False,True,False,,,
audit_logs,user_id,INTEGER,INTEGER,True,False,False,users.id,,
audit_logs,action,VARCHAR(80),VARCHAR(80),False,False,False,,,
audit_logs,object_type,VARCHAR(80),VARCHAR(80),False,False,False,,,
audit_logs,object_id,INTEGER,INTEGER,False,False,False,,,
audit_logs,old_value,JSON,JSON,True,False,False,,,
audit_logs,new_value,JSON,JSON,True,False,False,,,
audit_logs,created_at,DATETIME,DATETIME,False,False,False,,Python: now(),
counters,key,VARCHAR(40),VARCHAR(40),False,True,False,,,
counters,value,INTEGER,INTEGER,False,False,False,,0,
interfaces,asset_id,INTEGER,INTEGER,False,False,False,assets.id,,
interfaces,name,VARCHAR(100),VARCHAR(100),False,False,False,,,
interfaces,mac,VARCHAR(17),VARCHAR(17),False,False,True,,,
interfaces,hostname,VARCHAR(150),VARCHAR(150),True,False,False,,,
interfaces,id,INTEGER,INTEGER,False,True,False,,,
interfaces,created_at,DATETIME,DATETIME,False,False,False,,Python: now(),
interfaces,updated_at,DATETIME,DATETIME,False,False,False,,Python: now(),
interfaces,archived,BOOLEAN,BOOLEAN,False,False,False,,False,
inventory_items,code,VARCHAR(40),VARCHAR(40),False,False,True,,,
inventory_items,name,VARCHAR(150),VARCHAR(150),False,False,False,,,
inventory_items,category,VARCHAR(80),VARCHAR(80),False,False,False,,,
inventory_items,unit,VARCHAR(30),VARCHAR(30),False,False,False,,pcs,
inventory_items,quantity,"NUMERIC(14, 3)","NUMERIC(14, 3)",False,False,False,,0,
inventory_items,minimum_stock,"NUMERIC(14, 3)","NUMERIC(14, 3)",False,False,False,,0,
inventory_items,warehouse_id,INTEGER,INTEGER,False,False,False,warehouses.id,,
inventory_items,bin_shelf,VARCHAR(80),VARCHAR(80),True,False,False,,,
inventory_items,description,TEXT,TEXT,True,False,False,,,
inventory_items,id,INTEGER,INTEGER,False,True,False,,,
inventory_items,created_at,DATETIME,DATETIME,False,False,False,,Python: now(),
inventory_items,updated_at,DATETIME,DATETIME,False,False,False,,Python: now(),
inventory_items,archived,BOOLEAN,BOOLEAN,False,False,False,,False,
inventory_transactions,recipient_user_id,INTEGER,INTEGER,True,False,False,users.id,,
inventory_transactions,recipient_location_id,INTEGER,INTEGER,True,False,False,locations.id,,
inventory_transactions,number,VARCHAR(40),VARCHAR(40),False,False,True,,,
inventory_transactions,transaction_type,VARCHAR(20),VARCHAR(20),False,False,False,,,
inventory_transactions,warehouse_id,INTEGER,INTEGER,False,False,False,warehouses.id,,
inventory_transactions,asset_id,INTEGER,INTEGER,True,False,False,assets.id,,
inventory_transactions,item_id,INTEGER,INTEGER,True,False,False,inventory_items.id,,
inventory_transactions,quantity,"NUMERIC(14, 3)","NUMERIC(14, 3)",False,False,False,,1,
inventory_transactions,transaction_date,DATETIME,DATETIME,False,False,False,,Python: now(),
inventory_transactions,source_vendor,VARCHAR(150),VARCHAR(150),True,False,False,,,
inventory_transactions,condition,TEXT,TEXT,True,False,False,,,
inventory_transactions,performed_by,INTEGER,INTEGER,False,False,False,users.id,,
inventory_transactions,note,TEXT,TEXT,True,False,False,,,
inventory_transactions,id,INTEGER,INTEGER,False,True,False,,,
inventory_transactions,created_at,DATETIME,DATETIME,False,False,False,,Python: now(),
inventory_transactions,updated_at,DATETIME,DATETIME,False,False,False,,Python: now(),
inventory_transactions,archived,BOOLEAN,BOOLEAN,False,False,False,,False,
ip_addresses,address,VARCHAR(60),VARCHAR(60),False,False,True,,,
ip_addresses,interface_id,INTEGER,INTEGER,True,False,False,interfaces.id,,
ip_addresses,subnet_id,INTEGER,INTEGER,False,False,False,subnets.id,,
ip_addresses,status_id,INTEGER,INTEGER,False,False,False,master_data.id,,
ip_addresses,description,TEXT,TEXT,True,False,False,,,
ip_addresses,id,INTEGER,INTEGER,False,True,False,,,
ip_addresses,created_at,DATETIME,DATETIME,False,False,False,,Python: now(),
ip_addresses,updated_at,DATETIME,DATETIME,False,False,False,,Python: now(),
ip_addresses,archived,BOOLEAN,BOOLEAN,False,False,False,,False,
location_history,asset_id,INTEGER,INTEGER,False,False,False,assets.id,,
location_history,from_location_id,INTEGER,INTEGER,True,False,False,locations.id,,
location_history,location_id,INTEGER,INTEGER,False,False,False,locations.id,,
location_history,technician_id,INTEGER,INTEGER,False,False,False,users.id,,
location_history,reason,TEXT,TEXT,False,False,False,,,
location_history,note,TEXT,TEXT,True,False,False,,,
location_history,ended_at,DATETIME,DATETIME,True,False,False,,,
location_history,id,INTEGER,INTEGER,False,True,False,,,
location_history,created_at,DATETIME,DATETIME,False,False,False,,Python: now(),
location_history,updated_at,DATETIME,DATETIME,False,False,False,,Python: now(),
location_history,archived,BOOLEAN,BOOLEAN,False,False,False,,False,
locations,name,VARCHAR(100),VARCHAR(100),False,False,False,,,
locations,kind,VARCHAR(30),VARCHAR(30),False,False,False,,,
locations,parent_id,INTEGER,INTEGER,True,False,False,locations.id,,
locations,description,TEXT,TEXT,True,False,False,,,
locations,active,BOOLEAN,BOOLEAN,False,False,False,,True,1
locations,physical_location,VARCHAR(200),VARCHAR(200),True,False,False,,,
locations,department,VARCHAR(100),VARCHAR(100),True,False,False,,,
locations,floor,VARCHAR(80),VARCHAR(80),True,False,False,,,
locations,area,VARCHAR(80),VARCHAR(80),True,False,False,,,
locations,photo,TEXT,TEXT,True,False,False,,,
locations,id,INTEGER,INTEGER,False,True,False,,,
locations,created_at,DATETIME,DATETIME,False,False,False,,Python: now(),
locations,updated_at,DATETIME,DATETIME,False,False,False,,Python: now(),
locations,archived,BOOLEAN,BOOLEAN,False,False,False,,False,
maintenance,number,VARCHAR(40),VARCHAR(40),False,False,True,,,
maintenance,asset_id,INTEGER,INTEGER,False,False,False,assets.id,,
maintenance,type_id,INTEGER,INTEGER,False,False,False,master_data.id,,
maintenance,status_id,INTEGER,INTEGER,False,False,False,master_data.id,,
maintenance,problem,TEXT,TEXT,False,False,False,,,
maintenance,diagnosis,TEXT,TEXT,True,False,False,,,
maintenance,action_taken,TEXT,TEXT,True,False,False,,,
maintenance,technician_id,INTEGER,INTEGER,False,False,False,users.id,,
maintenance,start_at,DATETIME,DATETIME,False,False,False,,Python: now(),
maintenance,due_at,DATETIME,DATETIME,True,False,False,,,
maintenance,end_at,DATETIME,DATETIME,True,False,False,,,
maintenance,vendor,VARCHAR(150),VARCHAR(150),True,False,False,,,
maintenance,cost,"NUMERIC(14, 2)","NUMERIC(14, 2)",True,False,False,,,
maintenance,parts_replaced,TEXT,TEXT,True,False,False,,,
maintenance,note,TEXT,TEXT,True,False,False,,,
maintenance,previous_status_id,INTEGER,INTEGER,True,False,False,master_data.id,,
maintenance,id,INTEGER,INTEGER,False,True,False,,,
maintenance,created_at,DATETIME,DATETIME,False,False,False,,Python: now(),
maintenance,updated_at,DATETIME,DATETIME,False,False,False,,Python: now(),
maintenance,archived,BOOLEAN,BOOLEAN,False,False,False,,False,
master_data,group,VARCHAR(60),VARCHAR(60),False,False,False,,,
master_data,code,VARCHAR(60),VARCHAR(60),False,False,False,,,
master_data,name,VARCHAR(100),VARCHAR(100),False,False,False,,,
master_data,color,VARCHAR(30),VARCHAR(30),False,False,False,,slate,
master_data,id,INTEGER,INTEGER,False,True,False,,,
master_data,created_at,DATETIME,DATETIME,False,False,False,,Python: now(),
master_data,updated_at,DATETIME,DATETIME,False,False,False,,Python: now(),
master_data,archived,BOOLEAN,BOOLEAN,False,False,False,,False,
subnets,cidr,VARCHAR(60),VARCHAR(60),False,False,True,,,
subnets,gateway,VARCHAR(60),VARCHAR(60),True,False,False,,,
subnets,dns,VARCHAR(200),VARCHAR(200),True,False,False,,,
subnets,vlan_id,INTEGER,INTEGER,False,False,False,vlans.id,,
subnets,site_id,INTEGER,INTEGER,False,False,False,locations.id,,
subnets,description,TEXT,TEXT,True,False,False,,,
subnets,id,INTEGER,INTEGER,False,True,False,,,
subnets,created_at,DATETIME,DATETIME,False,False,False,,Python: now(),
subnets,updated_at,DATETIME,DATETIME,False,False,False,,Python: now(),
subnets,archived,BOOLEAN,BOOLEAN,False,False,False,,False,
switch_ports,switch_id,INTEGER,INTEGER,False,False,False,assets.id,,
switch_ports,name,VARCHAR(40),VARCHAR(40),False,False,False,,,
switch_ports,mode_id,INTEGER,INTEGER,False,False,False,master_data.id,,
switch_ports,native_vlan_id,INTEGER,INTEGER,True,False,False,vlans.id,,
switch_ports,tagged_vlans,JSON,JSON,False,False,False,,Python: list(),
switch_ports,connected_asset_id,INTEGER,INTEGER,True,False,False,assets.id,,
switch_ports,status_id,INTEGER,INTEGER,False,False,False,master_data.id,,
switch_ports,id,INTEGER,INTEGER,False,True,False,,,
switch_ports,created_at,DATETIME,DATETIME,False,False,False,,Python: now(),
switch_ports,updated_at,DATETIME,DATETIME,False,False,False,,Python: now(),
switch_ports,archived,BOOLEAN,BOOLEAN,False,False,False,,False,
ticket_activities,ticket_id,INTEGER,INTEGER,False,False,False,tickets.id,,
ticket_activities,user_id,INTEGER,INTEGER,False,False,False,users.id,,
ticket_activities,kind,VARCHAR(40),VARCHAR(40),False,False,False,,,
ticket_activities,body,TEXT,TEXT,False,False,False,,,
ticket_activities,internal,BOOLEAN,BOOLEAN,False,False,False,,False,
ticket_activities,id,INTEGER,INTEGER,False,True,False,,,
ticket_activities,created_at,DATETIME,DATETIME,False,False,False,,Python: now(),
ticket_activities,updated_at,DATETIME,DATETIME,False,False,False,,Python: now(),
ticket_activities,archived,BOOLEAN,BOOLEAN,False,False,False,,False,
ticket_articles,ticket_id,INTEGER,INTEGER,False,False,False,tickets.id,,
ticket_articles,article_id,INTEGER,INTEGER,False,False,False,articles.id,,
ticket_articles,id,INTEGER,INTEGER,False,True,False,,,
ticket_articles,created_at,DATETIME,DATETIME,False,False,False,,Python: now(),
ticket_articles,updated_at,DATETIME,DATETIME,False,False,False,,Python: now(),
ticket_articles,archived,BOOLEAN,BOOLEAN,False,False,False,,False,
tickets,number,VARCHAR(40),VARCHAR(40),False,False,True,,,
tickets,title,VARCHAR(200),VARCHAR(200),False,False,False,,,
tickets,description,TEXT,TEXT,False,False,False,,,
tickets,category_id,INTEGER,INTEGER,False,False,False,master_data.id,,
tickets,subcategory,VARCHAR(100),VARCHAR(100),True,False,False,,,
tickets,priority_id,INTEGER,INTEGER,False,False,False,master_data.id,,
tickets,status_id,INTEGER,INTEGER,False,False,False,master_data.id,,
tickets,asset_id,INTEGER,INTEGER,True,False,False,assets.id,,
tickets,location_id,INTEGER,INTEGER,True,False,False,locations.id,,
tickets,reporter_id,INTEGER,INTEGER,False,False,False,users.id,,
tickets,technician_id,INTEGER,INTEGER,True,False,False,users.id,,
tickets,due_at,DATETIME,DATETIME,True,False,False,,,
tickets,resolved_at,DATETIME,DATETIME,True,False,False,,,
tickets,id,INTEGER,INTEGER,False,True,False,,,
tickets,created_at,DATETIME,DATETIME,False,False,False,,Python: now(),
tickets,updated_at,DATETIME,DATETIME,False,False,False,,Python: now(),
tickets,archived,BOOLEAN,BOOLEAN,False,False,False,,False,
users,username,VARCHAR(100),VARCHAR(100),False,False,True,,,
users,name,VARCHAR(150),VARCHAR(150),False,False,False,,,
users,password_hash,TEXT,TEXT,False,False,False,,,
users,role,VARCHAR(30),VARCHAR(30),False,False,False,,VIEWER,
users,department,VARCHAR(100),VARCHAR(100),True,False,False,,,
users,id,INTEGER,INTEGER,False,True,False,,,
users,created_at,DATETIME,DATETIME,False,False,False,,Python: now(),
users,updated_at,DATETIME,DATETIME,False,False,False,,Python: now(),
users,archived,BOOLEAN,BOOLEAN,False,False,False,,False,
vlans,tag,INTEGER,INTEGER,False,False,False,,,
vlans,name,VARCHAR(100),VARCHAR(100),False,False,False,,,
vlans,site_id,INTEGER,INTEGER,False,False,False,locations.id,,
vlans,description,TEXT,TEXT,True,False,False,,,
vlans,id,INTEGER,INTEGER,False,True,False,,,
vlans,created_at,DATETIME,DATETIME,False,False,False,,Python: now(),
vlans,updated_at,DATETIME,DATETIME,False,False,False,,Python: now(),
vlans,archived,BOOLEAN,BOOLEAN,False,False,False,,False,
warehouses,code,VARCHAR(40),VARCHAR(40),False,False,True,,,
warehouses,name,VARCHAR(120),VARCHAR(120),False,False,False,,,
warehouses,location_id,INTEGER,INTEGER,False,False,False,locations.id,,
warehouses,description,TEXT,TEXT,True,False,False,,,
warehouses,id,INTEGER,INTEGER,False,True,False,,,
warehouses,created_at,DATETIME,DATETIME,False,False,False,,Python: now(),
warehouses,updated_at,DATETIME,DATETIME,False,False,False,,Python: now(),
warehouses,archived,BOOLEAN,BOOLEAN,False,False,False,,False,
